OPF,HARDSHIP ALLOWANCE,SPECIAL ALLOWANCE,FUEL ALLOWANCE,HOUSE ALLOWANCE,RESPONSIBILITY  ALLOWANCE,ACTING ALLOWANCE,NON-PRACTICE ALLOWANCE,CASHIER ALLOWANCE,EXTRA WORKING HOURS,CIT VAN MOTORVEHICLE ALLOWANCE,ATM SERVICE ALLOWANCE,SALARY ARREARS
1269,,,,,,,,,,,,
880,,3645000,,,428571.42999999999,0,285714,,,,,0
789,,4050000,,,428571.42999999999,0,,,,,,0
579,0,4050000,,,428571.42999999999,,,,,,,0
677,0,3645000,,,428571.42999999999,0,,,,,,
645,,3645000,,,428571.42999999999,0,,,,,,0
730,0,3645000,,0,428571.42999999999,1731000,,,,,,0
703,0,4050000,,,428571.42999999999,0,,,,,,0
783,0,4050000,,,428571.42999999999,0,,,,,,0
743,0,3645000,,,428571.42999999999,0,,,,,,0
689,0,3645000,,,428571.42999999999,0,,,,,,0
1169,,3645000,,,428571.42999999999,0,,,,,,
1185,,0,,,0,,,0,0,,0,
1174,,0,,,0,0,,0,0,,0,
919,,3645000,,,357142.85999999999,0,,0,0,,0,
476,0,3645000,,,357142.85999999999,0,,0,0,,0,
457,0,3645000,,,357142.85999999999,0,,0,0,,0,
678,0,3645000,,,357142.85999999999,0,,0,0,,0,
655,0,3645000,,,357142.85999999999,0,,0,0,,0,
569,0,3645000,,,357142.85999999999,0,,0,0,,0,
679,,3645000,,,357142.85999999999,,,0,0,,0,
740,0,3645000,,,357142.85999999999,0,,0,0,,0,
639,0,3645000,,,357142.85999999999,0,,0,0,,0,
631,,3645000,,,357142.85999999999,0,,0,0,,0,
771,0,3645000,,,357142.85999999999,0,,0,0,,0,
714,0,3645000,,,357142.85999999999,0,,0,0,,0,
563,0,285714.28000000003,,285714,0,,,0,571428.56999999995,,0,
813,0,3645000,,,357142.85999999999,0,,0,0,,0,
683,0,3645000,,,357142.85999999999,0,,0,0,,0,
715,0,3645000,,,357142.85999999999,638804.52000000002,,0,0,,0,
701,0,3645000,,,357143.85999999999,0,,0,0,,0,
750,0,3645000,,,357142.85999999999,0,,0,0,,0,
760,0,3645000,,0,357142.85999999999,424422.59000000003,,0,0,,0,
570,0,71428.570000000007,,285714,,0,,0,428571.42999999999,,0,
657,0,678571.37,,285714,,0,,0,428571.42999999999,,0,
635,0,0,,285714,,0,,0,428571.42999999999,,0,
687,0,535714.27000000002,,285714,,0,,214285.70999999999,571428.56999999995,,0,
661,0,785714.26000000001,,285714,,0,,214285.70999999999,571428,,0,
564,0,285714.28000000003,,285714,0,0,,0,571428.56999999995,,0,
824,0,0,,285714,,0,,0,428571.42999999999,,0,
741,0,535714.27000000002,,285714,,0,,214285.70999999999,571428.56999999995,,0,
1190,,71428.570000000007,,285714,,,,0,571428.56999999995,,0,
1189,,214285.71000000002,,285714,,,,0,571428.56999999995,,0,
747,0,214285.71000000002,,285714,,417367.73999999999,,0,428571.42999999999,,0,
815,,535714.27000000002,,285714,,0,,214285.70999999999,571428.56999999995,,0,
682,0,3645000,,,357142.85999999999,0,285714,0,0,,0,
699,0,0,,285714,,0,,0,428571.42999999999,,0,
732,0,142857.14000000001,,285714,,0,,0,428571.42999999999,,0,
735,0,3645000,,0,357142.85999999999,1731000,,0,0,,0,
931,,285714.28000000003,,285714,,,,0,571428.56999999995,,0,
705,0,285714.28000000003,,285714,,0,,0,571428.56999999995,,0,
928,,714285.69000000006,,285714,,,,0,428571.42999999999,,0,
764,0,214285.71000000002,,285714,,0,,0,571428.56999999995,,0,
1170,,285714.28000000003,,285714,,,,0,428571.42999999999,,0,
719,,0,,285714,,0,,0,428571.42999999999,,0,
681,,0,,285714,,,,0,428571.42999999999,,0,
520,0,142857.14000000001,,285714,,,,0,428571.42999999999,,0,
709,0,392857.13,,285714,,0,,0,428571.42999999999,,0,
700,0,214285.71000000002,,285714,,0,,0,571428.56999999995,,0,
704,0,142857.14000000001,,285714,,0,,0,571428.56999999995,,0,
772,0,0,,285714,,0,,0,428571.42999999999,,0,
810,0,214285.71000000002,,285714,,0,,0,428571.42999999999,,0,
754,0,0,,0,,0,,0,0,,0,
808,,0,,0,,0,,0,0,,0,
800,0,0,,285714,,0,285714,0,428571.42999999999,,0,
846,,321428.56000000006,,285714,,0,,0,428571.42999999999,,0,
1062,,0,,285714,,,285714,0,428571.42999999999,,0,
667,0,0,,285714,,700830,,0,428571.42999999999,,0,
829,,571428.56000000006,,285714,,,,0,571428.56999999995,,0,
751,,3645000,,0,357142.85999999999,0,,0,0,,0,
761,0,0,,285714,,0,,0,428571.42999999999,,0,
874,,499999.99000000005,,285714,,0,,0,571428.56999999995,,0,
868,,285714.28000000003,,285714,,0,,0,428571.42999999999,,0,
858,,0,,285714,,0,,0,428571.42999999999,,0,
742,0,285714.28000000003,,285714,,0,,0,571428.56999999995,,0,
378,0,214285.71000000002,,285714,,0,,0,428571.42999999999,,0,
802,0,321428.56000000006,,285714,,0,,0,285714,,0,
805,0,0,,285714,,0,285714,0,428571.42999999999,,0,
817,0,285714.28000000003,,285714,,0,,0,428571.42999999999,,0,
838,,71428.570000000007,,285714,,,,0,428571.42999999999,,0,
932,,357142.85000000003,,285714,,,,0,428571.42999999999,,0,
923,,214285.71000000002,0,285714,0,0,,0,428571.42999999999,,0,
935,,107142.85000000001,,285714,,,,0,428571.42999999999,,0,
958,,357142.85000000003,,285714,,0,,0,571428.56999999995,,0,
826,285714,321428.56000000006,,285714,,0,,0,285714,,0,
854,,464285.70000000007,,285714,,0,,0,571428.56999999995,,0,
943,,285714.28000000003,,285714,,0,,0,571428.56999999995,,0,
862,,0,,285714,,0,,0,428571.42999999999,,0,
879,,392857.13,,285714,,0,,0,571428.56999999995,,0,
861,,3645000,,0,357142.85999999999,0,,0,0,,0,
527,0,142857.14000000001,,285714,,0,,0,0,,0,
877,,142857.14000000001,,285714,,0,,0,428571.42999999999,,0,
947,,0,,285714,,0,,0,428571.42999999999,,0,
890,0,0,,285714,,,,0,428571.42999999999,,0,
1188,285714,285714.28000000003,,285714,,382587.53999999998,,0,428571.42999999999,,0,
847,,3645000,,0,357143.85999999999,0,,0,0,,0,
1137,,3752142.8500000001,,0,357143.85999999999,2085000,,0,0,,0,
1178,,678571.41000000003,,285714,,0,,0,428571.42999999999,,0,
914,,214285.71000000002,,285714,,,,0,571428.56999999995,,0,
271,0,0,,0,,,,0,0,,0,
954,,71428.570000000007,,285714,,0,,0,428571.42999999999,,0,
839,,285714.28000000003,,285714,,0,,0,428571.42999999999,,0,
1273,,0,,285714,,,,0,428571.42999999999,,0,
937,,392857.13,,285714,,0,,0,428571.42999999999,,0,
936,0,357142.85000000003,,285714,,0,,0,428571.42999999999,,0,
970,285714,107142.85000000001,,285714,,0,,0,428571.42999999999,,0,
941,,464285.70000000007,,285714,,,,0,571428.56999999995,,0,
945,,285714.28000000003,,285714,,167937,,0,428571.42999999999,,0,
953,,464285.70000000007,,285714,,,,0,571428.56999999995,,0,
950,,285714.28000000003,,285714,,,,0,571428.56999999995,,0,
951,,0,,285714,,,,0,428571.42999999999,,0,
728,0,214285.71000000002,,285714,,,,0,571428.56999999995,,0,
990,,0,,285714,,,,0,714285.56999999995,,0,
1247,,392857.13,,285714,,,,214285.70999999999,571428.56999999995,,0,
1002,,0,,285714,,0,,0,428571.42999999999,,0,
547,0,928571.40000000014,,285714,,,,0,428571.42999999999,285714,0,
985,0,0,,285714,,0,,0,428571.42999999999,,0,
973,,0,,285714,,264912.58000000002,,0,571428.56999999995,,0,
981,,285714.28000000003,,285714,,232000,,0,571428.56999999995,,0,
959,,321428.56000000006,,285714,,0,,0,428571.42999999999,,0,
952,,71428.570000000007,,285714,,0,,0,428571.42999999999,,0,
982,,285714.28000000003,,285714,,232000,,0,571428.56999999995,,0,
986,,0,,285714,,0,,0,428571.42999999999,,0,
998,,285714.28000000003,,285714,,,,0,428571.42999999999,,0,
1066,,0,,285714,,,,0,0,,0,
1053,,285714.28000000003,,285714,,,,0,428571.42999999999,,0,
1004,,0,,285714,,,,0,428571.42999999999,,0,
1023,,464285.70000000007,,285714,,0,,0,571428.56999999995,,0,
1024,,785714.26000000001,,285714,,0,,214285.70999999999,428571.42999999999,,71428.5,
1014,285714,392857.13,,285714,357142.85999999999,252000,,214285.70999999999,285714,,71428.5,
1015,285714,392857.13,,285714,0,69000,,0,285714,,0,
1011,0,285714.28000000003,,285714,,0,,0,571428.56999999995,,0,
1192,,71428.570000000007,,285714,,,,0,428571.42999999999,,0,
1329,,0,,285714,,,,0,428571.42999999999,,0,
1059,,785714.26000000001,,285714,,,,214285.70999999999,428571.42999999999,,71428.5,
918,0,928571.40000000014,0,285714,0,0,0,0,571428.42999999993,,0,
1134,,0,,285714,,,,0,428571.42999999999,,0,
922,,285714.28000000003,,285714,,,,0,428571.42999999999,,0,
1090,,285714.28000000003,,285714,,,,0,571428.56999999995,,0,
1130,0,0,0,285714,0,0,0,0,428571.42999999999,,0,
1102,0,142857.14000000001,,285714,,0,,0,428571.42999999999,,0,
1119,,285714.28000000003,,285714,,0,,0,428571.42999999999,,0,
1139,,0,0,285714,,0,,0,428571.42999999999,,0,
1154,,285714.28000000003,,285714,,,,0,428571.42999999999,,0,
1091,,464285.70000000007,,285714,,,,0,428571.42999999999,,0,
1165,0,464285.70000000007,,285714,,,,0,571428.56999999995,,0,
1133,,0,,285714,,,,0,571428.56999999995,,0,
1105,,214285.71000000002,,285714,,,,0,428571.42999999999,,0,
1082,,71428.570000000007,,285714,,,,0,571428.56999999995,,0,
1120,0,285714.28000000003,,285714,,,,0,571428.56999999995,,0,
1083,,0,,285714,,,,0,428571.42999999999,,0,
1074,,285714.28000000003,,285714,,377000,,0,571428.56999999995,,0,
1084,,0,,285714,,,,0,571428.56999999995,,0,
1116,,0,,285714,,,,0,428571.42999999999,,0,
1121,,321428.56000000006,,285714,,,,0,571428.56999999995,,0,
1100,,285714.28000000003,,285714,,,,0,428571.42999999999,,0,
1226,,642857.12000000011,,285714,,,,214285.70999999999,571428,,0,
778,0,285714.28000000003,,285714,0,0,,0,285714,,0,
1128,,428571.42000000004,,285714,,,,0,571428.56999999995,,0,
908,,71428.570000000007,,285714,,,,0,714285.42999999993,,0,
1075,0,0,,285714,,0,,0,428571.42999999999,,0,
673,0,607142.84000000008,,285714,,,,214285.70999999999,571428.56999999995,0,0,
1327,,785714.26000000001,,285714,,,,214285.70999999999,571428,,0,
1326,285714,392857.13,,285714,,,,0,214285.70999999999,,71428.5,
1217,,0,,285714,,,,0,428571.42999999999,,0,
1235,,0,,285714,,,,0,0,,0,
1309,285714,392857.13,,285714,,,,0,285714,,0,
1310,,785714.26000000001,,285714,,,,214285.70999999999,571428,,0,
1311,285714,285714.28000000003,,285714,,,,214285.70999999999,428571.42999999999,,0,
1312,,285714.28000000003,,285714,,,,0,428571.42999999999,,0,
1313,285714,285714.28000000003,,285714,,,,214285.70999999999,214285.70999999999,,0,
1314,285714,392857.13,,285714,,,,0,285714,,0,
1315,,392857.13,,285714,,,,0,285714,,0,
1316,285714,285714.28000000003,,285714,,,,214285.70999999999,214285.70999999999,,0,
1318,285714,285714.28000000003,,285714,,,,0,428571.42999999999,,0,
1319,285714,0,,285714,,,,214285.70999999999,0,,0,
1321,285714,321428.56000000006,,285714,,,,0,214285.70999999999,,0,
1325,,0,,285714,,,,0,571428.56999999995,,0,
1320,285714,214285.71000000002,,285714,,,,214285.70999999999,214285.70999999999,,0,
1322,285714,342856.28000000003,,285714,,,,0,214285.70999999999,,0,
1289,285714,392857.13,,285714,,,,214285.70999999999,214285.70999999999,,71428.5,
1303,,785714.26000000001,,285714,,,,214285.70999999999,571428,,0,
1297,285714,285714.28000000003,,285714,,,,214285.70999999999,214285.70999999999,,0,
1307,,285714.28000000003,,285714,,,,214285.70999999999,428571.42999999999,,0,
1291,0,285714.28000000003,,285714,,,,0,428571.42999999999,,0,
1286,,285714.28000000003,,285714,,,,0,285714,,0,
1295,285714,392857.13,,285714,,,,214285.70999999999,285714,,0,
1302,,314285.28000000003,,285714,,,,214285.70999999999,285714,,0,
1285,0,285714.28000000003,,285714,,,,0,428571.42999999999,,0,
1288,,285714.28000000003,,285714,,,,0,571428.56999999995,,0,
1282,285714,392857.13,,285714,,,,214285.70999999999,285714,,0,
1300,,392857.13,,285714,,,,214285.70999999999,285714,,71428.5,
1296,,0,,285714,,,,0,428571.42999999999,,0,
1290,,285714.28000000003,,285714,,,,0,428571.42999999999,,0,
1279,285714,285714.28000000003,,285714,,,,214285.70999999999,214285.70999999999,,0,
1241,,285714.28000000003,,285714,,,,0,571428.56999999995,,0,
1240,,428571.42000000004,,285714,,,,0,428571.42999999999,,0,
1231,,392857.13,,285714,,,,0,428571.42999999999,,0,
1220,,71428.570000000007,,285714,,,,0,571428.56999999995,,0,
1230,,714284,,285714,,,,0,428571.42999999999,,0,
1224,,0,,285714,,,,0,428571.42999999999,,0,
1223,285714,392857.13,,285714,,,,214285.70999999999,285714,,0,
1242,,0,,285714,,,,0,428571.42999999999,,0,
1260,,285714.28000000003,,285714,,,,0,571428.56999999995,,0,
638,0,285714.28000000003,,285714,0,0,,214285.70999999999,214285.70999999999,,0,
724,0,142857.14000000001,,285714,,,,0,571428.42999999993,,0,
1172,,71428.570000000007,,285714,,,,0,428571.42999999999,,0,
1050,,214285.71000000002,,285714,,,,0,571428.56999999995,,0,
1046,,0,,285714,,,,0,0,,0,
1045,,285714.28000000003,,285714,,,,0,428571.42999999999,,0,
759,,0,,285714,,,,0,428571.42999999999,,0,
1175,,285714.28000000003,,285714,,,,0,571428.42999999993,,0,
856,,357142.85000000003,,285714,,,,0,428571.42999999999,285714,0,
1078,,678571.41000000003,,285714,,,,0,428571.42999999999,,0,
1250,,0,,285714,,,,0,499999.92999999999,,0,
1196,,535714.27000000002,,285714,,,,0,571428.56999999995,285714,0,
1022,,599999.55000000005,,285714,,,,0,499999.92999999999,,0,
1010,,678571.41000000003,,285714,,,,0,499999.92999999999,,0,
1197,,285714.28000000003,,285714,,,,0,428571.42999999999,285714,0,
1061,,607142.84000000008,,285714,,,,0,571428.56999999995,285714,0,
1081,,428571.42000000004,,285714,,,,0,428571.42999999999,,0,
1194,285714,142857.14000000001,,285714,,,,0,357142.70999999996,,0,
1253,,285714.28000000003,,285714,,,,0,571428.56999999995,,0,
939,0,0,,285714,,0,,0,571428.56999999995,,0,
933,,535714.22999999998,,285714,,0,,0,428571.42999999999,,0,
1317,,0,,285714,,,,0,0,,0,
1323,,285714.28000000003,,285714,,,,0,214285.70999999999,,0,
866,,3645000,,0,714285.71999999997,0,,0,0,,0,
660,0,785714.26000000001,,285714,,0,,214285.70999999999,214285.70999999999,,71428.5,
663,0,285714.28000000003,,285714,178571,0,,214285.70999999999,214285.70999999999,,0,
696,,785714.26000000001,0,285714,0,0,,214285.70999999999,571428,,0,
811,0,285714.28000000003,,285714,,0,,0,214285.70999999999,,0,
827,,392857.13,,285714,357142.85999999999,0,,214285.70999999999,285714,,71428.5,
1070,,285714.28000000003,,285714,,,,214285.70999999999,214285.70999999999,,0,
876,0,785714.26000000001,,285714,0,393000,,214285.70999999999,571428,,71428.5,
938,,285714.28000000003,,285714,,0,,0,214285.70999999999,,0,
726,,464285.70000000007,,285714,357142.85999999999,0,,214285.70999999999,214285.70999999999,,71428.5,
957,,785714.26000000001,,285714,,0,,214285.70999999999,571428,,0,
948,285714,142857.14000000001,,285714,,132000,,214285.70999999999,214285.70999999999,,0,
960,,0,,285714,,,,0,0,,0,
974,,285714.28000000003,,285714,,0,,214285.70999999999,214285.70999999999,,0,
978,,321428.56000000006,,285714,,0,,0,428571.42999999999,,0,
987,285714,0,0,285714,,252000,,0,0,,0,
1043,,499999.98000000004,,285714,,,,214285.70999999999,214285.70999999999,,0,
1056,,785714.26000000001,,285714,,,,214285.70999999999,571428,,0,
1049,,0,,285714,,0,,214285.70999999999,214285.70999999999,,0,
1021,0,249999.99000000002,0,285714,0,0,0,214285.70999999999,571428,,0,
1016,,285714.28000000003,,285714,,,,0,214285.70999999999,,0,
1028,,285714.28000000003,,285714,,0,,0,214285.70999999999,,0,
1136,,785714.26000000001,,285714,,0,,214285.70999999999,571428,,0,
1111,,785714.26000000001,,285714,,0,,214285.70999999999,571428,,0,
1126,,71428.570000000007,0,285714,,,,214285.70999999999,214285.70999999999,,71428.5,
1123,,785714.26000000001,,285714,,,,214285.70999999999,571428,,0,
1145,,285714.28000000003,,285714,,0,,0,214285.70999999999,,0,
1129,,785714.26000000001,,285714,,,,214285.70999999999,285714,,0,
1142,,285714.28000000003,,285714,,,,214285.70999999999,214285.70999999999,,0,
1110,0,0,,285714,,,,0,0,,0,
1077,,464285.70000000007,,285714,,0,,0,214285.70999999999,,71428.5,
1221,,785714.26000000001,,285714,,,,214285.70999999999,571428,,0,
1238,,785714.26000000001,,285714,,,,214285.70999999999,571428,,0,
1259,,285714.28000000003,,285714,,,,214285.70999999999,214285.70999999999,,0,
1071,,607142.84000000008,,285714,,,,214285.70999999999,571428,,0,
1057,,285714.28000000003,,285714,,,,214285.70999999999,214285.70999999999,,0,
1044,,142857.14000000001,,285714,,,,0,0,,0,
1047,,785714.26000000001,,285714,,,,214285.70999999999,571428,,0,
508,0,0,,285714,0,0,,0,0,,0,
774,,3645000,,0,714285.71999999997,1646000,,0,0,,0,
819,,642857.13000000012,,285714,,0,,0,285714,,0,
956,,571428.55000000005,,285714,,0,,0,428571.42999999999,,0,
1099,,0,,285714,,0,,0,0,,0,
745,,785714.26000000001,,285714,,0,,214285.70999999999,571428,,0,
850,0,285714.28000000003,0,285714,0,0,,214285.70999999999,214285.70999999999,,71428.5,
804,,535714.27000000002,,285714,0,0,,214285.70999999999,214285.70999999999,,71428.5,
652,0,285714.28000000003,,285714,0,0,,0,214285.70999999999,,0,
806,,285714.28000000003,,285714,0,0,,0,214285.70999999999,,0,
887,,285714.28000000003,,285714,,0,,0,214285.70999999999,,0,
882,,0,,285714,,0,,0,0,,0,
940,,142857.14000000001,,285714,,,,214285.70999999999,214285.70999999999,,0,
988,285714,214285.71000000002,0,285714,357142.85999999999,232000,,0,214285.70999999999,,0,
1252,,0,,285714,,,,0,0,,0,
1124,,357142.85000000003,,285714,,0,,214285.70999999999,285714,,0,
1156,0,285714.28000000003,,285714,,,,0,214285.70999999999,,0,
1298,,464285.70000000007,,285714,,,,0,0,,0,
1228,,285714.28000000003,,285714,,,,0,214285.70999999999,,0,
1239,,285714.28000000003,,285714,,,,214285.70999999999,214285.70999999999,,71428.5,
1232,,285714.28000000003,,285714,,,,0,214285.70999999999,,0,
1036,,285714.28000000003,,285714,,,,0,214285.70999999999,,0,
582,,1335714.28,,285714,,,,0,214285.70999999999,,0,
695,0,4695000,,,714285.71999999997,0,,0,0,,0,
710,,1549999.99,,285714,178570,0,,214285.70999999999,214285.70999999999,,71428.5,
748,,499999.99000000005,,285714,0,0,,214285.70999999999,214285.70999999999,,71428.5,
899,285714,428571.42000000004,,285714,0,0,,214285.70999999999,214285.70999999999,,71428.5,
738,,214285.71000000002,,285714,,0,,0,214285.70999999999,,0,
895,285714,499999.99000000005,,285714,0,0,,0,214285.70999999999,,71428.5,
925,285714,392857.13,,285714,0,0,,0,285714,,0,
997,,285714.28000000003,,285714,,0,,214285.70999999999,214285.70999999999,,0,
1017,285714,0,,285714,357142.85999999999,252000,,0,0,,0,
1122,285714,142857.14000000001,,285714,,0,,0,214285.70999999999,,0,
1094,285714,342856.28000000003,,285714,,,,0,214285.70999999999,,0,
1167,0,214285.71000000002,,285714,,,,0,285714,,0,
1215,,285714.28000000003,,285714,,,,214285.70999999999,214285.70999999999,,0,
1254,285714,71428.570000000007,,285714,,,,214285.70999999999,214285.70999999999,,0,
1256,,285714.28000000003,,285714,,,,214285.70999999999,214285.70999999999,,71428.5,
1257,,499999.99000000005,,285714,,,,214285.70999999999,214285.70999999999,,71428.5,
1216,,342856.28000000003,,285714,,,,0,214285.70999999999,,0,
1222,,285714.28000000003,,285714,,,,214285.70999999999,214285.70999999999,,71428.5,
924,,342856.28000000003,,285714,,0,,0,214285.70999999999,,0,
1249,,271427.70999999996,,285714,,,,0,214285.70999999999,285714,0,
721,0,3645000,,0,357142.85999999999,0,,0,0,,0,
676,,3645000,,0,1071428.54,1367000,,0,0,,0,
656,0,178571.42000000001,,285714,357142.88,0,,214285.70999999999,285714,,0,
640,0,564285.27000000002,,285714,0,0,,214285.70999999999,285714,,71428.5,
746,,0,,285714,,0,,214285.70999999999,285714,,0,
691,0,814285.26000000001,,285714,,0,,214285.70999999999,285714,,71428.5,
650,285714,0,0,285714,0,0,,0,0,,0,
920,,392857.13,,285714,357142.85999999999,0,,0,285714,,71428.5,
766,0,214285.71000000002,,285714,,,,0,428571.42999999999,,0,
756,0,678571.41000000003,,285714,,226581.87,,214285.70999999999,285714,,0,
889,,678571.41000000003,,285714,,0,,0,285714,,0,
900,,571428.56000000006,,285714,0,0,,428571.41999999998,571428,,0,
1072,,321428.56000000006,,285714,,,,214285.70999999999,285714,,0,
979,,285714.28000000003,,285714,,0,,0,285714,,0,
946,,392857.13,,285714,,,,214285.70999999999,285714,,0,
996,,285714.28000000003,,285714,,172000,,0,285714,,71428.5,
955,,285714.28000000003,,285714,357142.85999999999,0,,214285.70999999999,285714,,71428.5,
942,,314285.28000000003,,285714,,,,214285.70999999999,285714,,0,
989,,785714.26000000001,,285714,,,,214285.70999999999,285714,,0,
1040,,285714.28000000003,,285714,,,,0,285714,,0,
1009,0,285714.28000000003,0,285714,,0,,0,285714,,0,
1000,,314285.28000000003,,285714,,,,214285.70999999999,285714,,0,
1037,,785714.26000000001,0,285714,,0,,214285.70999999999,571428,,71428.5,
1118,,178571.42000000001,,285714,,,,0,0,,0,
1096,,392857.13,,285714,,,,214285.70999999999,285714,,71428.5,
1125,,285714.28000000003,,285714,,0,,214285.70999999999,285714,,0,
1258,285714,285714.28000000003,,285714,,,,214285.70999999999,214285.70999999999,,0,
1229,,285714.28000000003,,285714,,,,0,285714,,0,
1233,,314285.28000000003,,285714,,,,214285.70999999999,285714,,0,
1281,,285714.28000000003,,285714,,,,214285.70999999999,285714,,0,
1042,,285714.28000000003,,285714,,0,,0,285714,,0,
1052,,392857.13,,285714,,,,214285.70999999999,571428,,0,
758,285714,285714.28000000003,,285714,0,0,,214285.70999999999,285714,,0,
697,0,3645000,,0,535714.29000000004,0,,0,0,,0,
841,,392857.13,,285714,178571.42000000001,0,,214285.70999999999,285714,,71428.5,
842,,392857.13,,285714,0,0,,214285.70999999999,285714,,71428.5,
835,285714,392857.13,,285714,0,0,,214285.70999999999,214285.70999999999,,71428.5,
913,285714,392857.13,,285714,,0,,0,285714,,0,
809,,392857.13,,285714,,0,,0,285714,,0,
843,,392857.13,,285714,,0,,214285.70999999999,285714,,0,
844,285714,392857.13,,285714,,0,,0,285714,,0,
744,285714,392857.13,,285714,0,0,,214285.70999999999,285714,,71428.5,
964,,142857.14000000001,,285714,,0,,0,428571.42999999999,,0,
993,285714,285714.28000000003,,285714,,,,214285.70999999999,428571.42999999999,,71428.5,
1076,285714,321428.56000000006,,285714,,0,,0,285714,,0,
1115,,392857.13,,285714,,,,214285.70999999999,285714,,71428.5,
1161,,392857.13,,285714,,0,,0,285714,,0,
1265,285714,321428.56000000006,,285714,,,,214285.70999999999,285714,,0,
1275,,0,,285714,,,,0,0,,0,
1186,285714,392857.13,,285714,,,,0,428571,,0,
823,0,3645000,,0,357142.85999999999,0,,0,0,,0,
994,285714,392857.13,,285714,,0,,0,214285.70999999999,,0,
860,,3752142.8500000001,,,892857.15999999992,0,,0,0,,0,
775,285714,392857.13,,285714,267857.15000000002,0,,214285.70999999999,214285.70999999999,,0,
912,285714,392857.13,,285714,,0,,214285.70999999999,214285.70999999999,,71428.5,
893,,321428.56000000006,,285714,,0,,0,214285.70999999999,,0,
857,285714,0,,285714,,0,,0,0,,0,
907,,392857.13,,285714,,,,0,214285.70999999999,,0,
1159,,178571.42000000001,,285714,,,,214285.70999999999,214285.70999999999,,71428.5,
1248,,392857.13,,285714,,,,0,214285.70999999999,,0,
1203,,321428.56000000006,,285714,,,,0,214285.70999999999,,0,
851,285714,392857.13,,285714,,,,0,499999.70999999996,,0,
865,,3645000,,0,357142.85999999999,1429000,,0,0,,0,
878,0,249999.99000000002,,285714,0,0,,214285.70999999999,428571.42999999999,,0,
674,0,285714.28000000003,,285714,,0,,214285.70999999999,428571.42999999999,,0,
911,,678571.41000000003,,285714,,237096.29000000001,,214285.70999999999,428571.42999999999,,0,
708,0,142857.14000000001,,285714,,0,,0,428571.42999999999,,0,
905,,285714.28000000003,,285714,,152637.10000000001,,214285.70999999999,428571.42999999999,,0,
870,,785714.26000000001,,285714,,0,,214285.70999999999,428571.42999999999,,71428.5,
944,,785714.26000000001,,285714,,,,214285.70999999999,571428,,0,
976,,0,,285714,,,0,214285.70999999999,428571.42999999999,,0,
1086,,785714.26000000001,,285714,,,,214285.70999999999,428571.42999999999,,0,
961,285714,285714.28000000003,,285714,357142.85999999999,0,,214285.70999999999,214285.70999999999,,71428.5,
977,,285714.28000000003,,285714,357142.85999999999,0,,0,428571.42999999999,,0,
983,,285714.28000000003,,285714,,,,214285.70999999999,428571.42999999999,,0,
1051,,285714.28000000003,,285714,,,,0,428571.42999999999,,0,
1054,,249999.99000000002,,285714,,,,214285.70999999999,571428,,0,
1020,,785714.26000000001,,285714,,0,,214285.70999999999,571428,,0,
1041,,285714.28000000003,,285714,,,,214285.70999999999,428571.42999999999,,0,
1138,,785714.26000000001,,285714,,0,,214285.70999999999,428571.42999999999,,0,
1144,,785714.26000000001,,285714,,,,214285.70999999999,571428,,0,
1092,,785714.26000000001,,285714,,,,214285.70999999999,571428,,0,
1140,,285714.28000000003,,285714,,,,214285.70999999999,214285.70999999999,,71428.5,
1245,,285714.28000000003,,285714,,,,214285.70999999999,857142.85999999999,,0,
1234,,0,,285714,,,,0,428571.42999999999,,0,
1048,,285714.28000000003,,285714,,,,214285.70999999999,428571.42999999999,,0,
1034,,785714.26000000001,,285714,,,,214285.70999999999,571428,,0,
784,0,3645000,,0,892857.15999999992,0,,0,0,,0,
1032,,285714.28000000003,,285714,357142.85999999999,272000,,214285.70999999999,214285.70999999999,,71428.5,
1033,,285714.28000000003,,285714,,272000,,0,214285.70999999999,,0,
1031,285714,214285.71000000002,,285714,,272000,,0,214285.70999999999,,0,
1025,285714,392857.13,,285714,,252000,,0,285714,,0,
1158,285714,285714.28000000003,,285714,,0,,0,214285.70999999999,,0,
1141,0,0,,285714,0,394000,,214285.70999999999,571428,,0,
1264,,285714.28000000003,,285714,,,,214285.70999999999,214285.70999999999,,0,
995,285714,285714.28000000003,,285714,267857.15000000002,0,,214285.70999999999,214285.70999999999,,71428.5,
1271,285714,285714.28000000003,,285714,,,,0,357142.70999999996,,0,
1284,285714,285714.28000000003,,285714,,,,0,214285.70999999999,,0,
1304,285714,285714.28000000003,,285714,,,,0,214285.70999999999,,0,
1266,,285714.28000000003,,285714,,,,0,214285.70999999999,,0,
1207,,0,,285714,,0,,0,0,,0,
1219,,285714.28000000003,,285714,,,,214285.70999999999,214285.70999999999,,71428.5,
1112,285714,249999.99000000002,,285714,,,,0,428571,,0,
659,,285714.28000000003,,285714,178571.42999999999,0,,214285.70999999999,214285.70999999999,,0,
718,0,3645000,,0,892857.14999999991,0,0,0,0,,0,
867,285714,285714.28000000003,,285714,,,,214285.70999999999,214285.70999999999,,71428.5,
669,,285714.28000000003,,285714,,0,,214285.70999999999,214285.70999999999,,71428.5,
967,285714,392857.13,,285714,,0,,0,285714,,0,
1164,,285714.28000000003,,285714,,,,0,214285.70999999999,,71428.5,
1107,0,714285.69000000006,,285714,,0,,214285.70999999999,214285.70999999999,,71428.5,
1166,285714,285714.28000000003,,285714,,0,,0,214285.70999999999,,0,
1153,,285714.28000000003,,285714,,0,,0,214285.70999999999,,0,
1211,,0,,285714,,,,0,0,,0,
1212,,0,,285714,,,,0,0,,0,
1213,,142857.14000000001,,285714,,,,0,214285.70999999999,,71428.5,
1306,285714,285714.28000000003,,285714,,,,214285.70999999999,214285.70999999999,,0,
1308,285714,285714.28000000003,,285714,,,,214285.70999999999,214285.70999999999,,71428.5,
1151,,285714.28000000003,,285714,,,,0,214285.70999999999,285714,0,
713,0,3645000,,,357142.85999999999,0,,0,0,,0,
702,,0,,285714,,0,,0,571428.56999999995,,0,
949,0,0,,285714,,0,,0,571428.56999999995,,0,
1005,,285714.28000000003,,285714,,0,,0,571428.56999999995,,0,
1146,,0,,285714,,,,0,571428.56999999995,,0,
1079,,0,,285714,,,,0,571428.56999999995,,0,
1149,,285714.28000000003,,285714,,,,0,571428.56999999995,,0,
575,0,285714.28000000003,,285714,178571.44,0,,214285.70999999999,428571.42999999999,,0,
623,,3645000,,,714285.71999999997,0,,0,0,,0,
707,0,285714.28000000003,,285714,0,0,,214285.70999999999,428571.42999999999,,0,
825,0,607142.84000000008,,285714,,0,,214285.70999999999,428571.42999999999,,71428.5,
734,0,0,,285714,,0,,0,0,,0,
777,0,285714.28000000003,,285714,0,0,,0,428571.42999999999,,0,
769,0,285714.28000000003,,285714,178571.42000000001,402000,,0,214285.70999999999,,0,
897,,285714.28000000003,,285714,,0,,0,428571.42999999999,,0,
894,,285714.28000000003,,285714,,,,0,428571.42999999999,,0,
892,,285714.28000000003,,285714,,0,,0,428571.42999999999,,0,
984,,285714.28000000003,,285714,,0,,214285.70999999999,428571.42999999999,,0,
972,,285714.28000000003,,285714,,0,,0,428571.42999999999,,0,
1018,0,285714.28000000003,,285714,,,,0,428571.42999999999,,0,
1008,,71428.570000000007,,285714,,0,,0,0,,0,
1160,,285714.28000000003,,285714,,,,0,428571.42999999999,,0,
1098,,607142.84000000008,,285714,,,,214285.70999999999,428571.42999999999,,71428.5,
1225,,0,,285714,,,,0,0,,0,
1274,,142857.14000000001,,285714,,,,0,428571.42999999999,,0,
1293,,214285.71000000002,,285714,,,,214285.70999999999,428571.42999999999,,0,
1255,,285714.28000000003,,285714,,,,214285.70999999999,214285.70999999999,,0,
1244,,642857.13000000012,,285714,,,,0,428571.42999999999,,0,
773,,3645000,,,357142.85999999999,0,,0,0,,0,
716,285714,285714.28000000003,,285714,,0,,0,428571.42999999999,,0,
571,285714,0,,285714,,0,,0,0,,0,
869,0,0,,285714,,0,,0,428571.42999999999,,0,
871,285714,214285.71000000002,,285714,,0,,0,428571.42999999999,,0,
828,285714,285714.28000000003,,285714,,0,,214285.70999999999,428571.42999999999,,71428.5,
930,285714,214285.71000000002,,285714,357142.85999999999,0,,214285.70999999999,285714,,71428.5,
765,285714,142857.14000000001,,285714,,,,0,428571.42999999999,,0,
966,,214285.71000000002,,285714,,0,,0,428571.42999999999,,0,
1030,285714,214285.71000000002,,285714,,0,,0,428571.42999999999,,0,
1132,,0,,285714,,,,0,0,,0,
1117,285714,285714.28000000003,,285714,,,,0,428571.42999999999,,0,
1106,285714,142857.14000000001,,285714,,,,0,428571.42999999999,,0,
1171,285714,214285.71000000002,,285714,,,,0,571428.42999999993,,0,
1294,,285714.28000000003,,285714,,,,214285.70999999999,285714,,0,
1058,285714,285714.28000000003,,285714,,,,0,428571.42999999999,,0,
1103,285714,392857.13,,285714,,,,214285.70999999999,285714,,71428.5,
1198,285714,285714.28000000003,,285714,,,,0,571428.42999999993,,0,
903,285714,392857.13,,285714,,,,214285.70999999999,214285.70999999999,,0,
875,,392857.13,,285714,,0,,0,214285.70999999999,,0,
884,285714,321428.56000000006,,285714,,0,,0,214285.70999999999,,0,
1013,0,392857.13,,285714,,,,0,285714,,0,
971,285714,392857.13,,285714,,110010.97,,0,214285.70999999999,,0,
1114,,321428.56000000006,,285714,,0,,0,214285.70999999999,,0,
1157,,71428.570000000007,,285714,,0,,0,0,,0,
1268,,321428.56000000006,,285714,,,,0,214285.70999999999,,0,
539,,3645000,,0,535714.29000000004,0,,0,0,,0,
1277,285714,0,,285714,,,,214285.70999999999,0,,0,
770,,0,,285714,357142.85999999999,0,,214285.70999999999,0,,0,
904,285714,285714.28000000003,,285714,,,,0,214285.70999999999,,0,
873,285714,1050000,,285714,89285.710000000006,548000,,0,0,,0,
906,,0,,285714,,0,,0,0,,0,
1155,285714,0,,285714,,,,214285.70999999999,0,,0,
1104,,0,,285714,,309831.77000000002,,0,0,,0,
1109,0,214285.71000000002,,285714,,,,214285.70999999999,428571.42999999999,,0,
1163,,0,,285714,,,,0,0,,0,
1214,,0,,285714,,,,0,0,,0,
1205,,285714.28000000003,,285714,,,,0,214285.70999999999,,,
694,,3645000,,,714285.71999999997,0,,0,0,,0,
927,,785714.26000000001,,285714,,,,214285.70999999999,428571.42999999999,,0,
693,0,142857.14000000001,,285714,178571,260854.84,,0,428571.42999999999,,0,
833,0,285714.28000000003,,285714,0,0,,214285.70999999999,214285.70999999999,,71428.5,
692,0,0,,285714,,0,,0,571428.56999999995,,0,
834,,71428.570000000007,,285714,357142.85999999999,0,,0,0,,0,
840,,142857.14000000001,,285714,,0,,214285.70999999999,428571.42999999999,,0,
818,,285714.28000000003,,285714,,0,,0,285714,,0,
898,,285714.28000000003,,285714,,0,,0,428571.42999999999,,0,
1019,,285714.28000000003,,285714,,271620,,0,428571.42999999999,,0,
1039,,785714.26000000001,,285714,,0,,214285.70999999999,428571.42999999999,,71428.5,
1029,,285714.28000000003,,285714,,,,0,285714,,0,
1089,,285714.28000000003,,285714,,,,214285.70999999999,285714,,0,
1131,,285714.28000000003,,285714,,,,214285.70999999999,428571.42999999999,,0,
1085,,285714.28000000003,,285714,,,,0,428571.42999999999,,0,
1148,,285714.28000000003,,285714,,,,214285.70999999999,285714,,0,
1088,,285714.28000000003,,285714,,,,214285.70999999999,428571.42999999999,,0,
1227,,285714.28000000003,,285714,,,,214285.70999999999,428571.42999999999,,0,
1237,,285714.28000000003,,285714,,,,0,428571.42999999999,,0,
1243,,285714.28000000003,,285714,,,,214285.70999999999,428571.42999999999,,0,
1035,,0,,285714,,0,,0,0,,0,
872,285714,285714.28000000003,                                                                                                                ,285714,,0,,0,214285.70999999999,,0,0
855,285714,285714.28000000003,,285714,,,,0,214285.70999999999,285714,0,0
688,0,3752142.8500000001,,,535714.29000000004,0,,0,0,,0,0
965,285714,142857.14000000001,,285714,0,0,,214285.70999999999,285714,,0,0
1204,,392857.13,,285714,,,,0,285714,,0,
820,285714,214285.71000000002,,285714,89285.720000000001,0,,214285.70999999999,285714,,71428.5,
807,285714,321428.56000000006,,285714,357142.85999999999,0,,0,285714,,0,
963,285714,321428.56000000006,,285714,,0,,0,285714,,0,
1026,285714,392857.13,,285714,,,,0,285714,,0,
1087,0,142857.14000000001,,285714,,,,0,571428.56999999995,,0,
1095,285714,392857.13,,285714,,,,0,285714,,0,
1150,285714,392857.13,,285714,,0,,0,285714,,0,
1147,285714,392857.13,,285714,,0,,0,285714,,0,
1101,285714,0,,285714,,0,,0,0,,0,
1292,285714,214285.71000000002,,285714,,,,214285.70999999999,285714,,0,
1206,,285714.28000000003,,285714,,,,214285.70999999999,285714,,0,
1263,,285714.28000000003,,285714,,,,0,285714,,0,
1199,,285714.28000000003,,285714,,,,0,285714,,0,
749,,3645000,,,535714.29000000004,0,,0,0,,0,
1003,285714,321428.56000000006,,285714,357142.85999999999,0,,214285.70999999999,285714,,71428.5,
1201,,321428.56000000006,,285714,,,,0,285714,,0,
883,285714,392857.13,,285714,,0,,0,285714,,0,
962,285714,392857.13,,285714,,0,,0,285714,,0,
1200,,178571.42000000001,,285714,,,,0,285714,,0,
1202,,392857.13,,285714,,,,214285.70999999999,285714,,0,
1276,285714,214285.71000000002,,285714,,,,214285.70999999999,285714,,0,
1287,285714,392857.13,,285714,,,,0,285714,,0,
781,285714,392857.13,,285714,,,,0,285714,,0,
763,285714,285714.28000000003,,285714,0,0,,214285.70999999999,214285.70999999999,,71428.5,
584,,3645000,,0,357142.85999999999,0,,0,0,,0,
1251,,214285.71000000002,,285714,,,,0,214285.70999999999,,0,
1272,0,71428.570000000007,,285714,,,,0,571428.42999999993,,0,
1027,285714,142857.14000000001,,285714,,252000,,0,428571.42999999999,,0,
999,0,285714.28000000003,,285714,,0,,0,428571.41999999998,,0,
1236,285714,142857.14000000001,,285714,,,,0,214285.70999999999,,0,
1210,285714,285714.28000000003,,285714,,0,,0,214285.70999999999,,71428.5,
1001,0,285714.28000000003,,285714,,,,0,571428.42999999993,,0,
1328,,2422200,,,,,,0,0,,0,
1261,285714,392857.13,,285714,,,,0,285714,,0,
1267,285714,285714.28000000003,,285714,,,,214285.70999999999,285714,,0,
1262,285714,964285.69000000006,,285714,,,,214285.70999999999,285714,,0,
881,285714,249999.99000000002,,285714,,0,,0,0,,0,
1283,285714,392857.13,,285714,,,,0,285714,,0,
1305,285714,535714.27000000002,,285714,,,,0,285714,,0,
863,0,249999.99000000002,,285714,,0,,0,214285.70999999999,,0,
1270,285714,464285.70000000007,,285714,,,,0,428571,,0,
712,285714,392857.13,,285714,89285.710000000006,530984.52000000002,,214285.70999999999,285714,,71428.5,
717,0,3645000,,,357142.85999999999,0,,0,0,,0,
896,285714,285714.28000000003,0,285714,,93000,,214285.70999999999,214285.70999999999,,71428.5,
975,285714,285714.28000000003,,285714,,132000,,0,214285.70999999999,,0,
668,285714,0,,285714,,0,285714,0,0,,0,
1108,285714,285714.28000000003,,285714,,394000,,0,214285.70999999999,,0,
1208,,285714.28000000003,,285714,,,,214285.70999999999,214285.70999999999,,71428.5,
1209,,214285.71000000002,,285714,,,,0,214285.70999999999,,0,
1278,285714,285714.28000000003,,285714,,,,214285.70999999999,214285.70999999999,,0,
1280,285714,285714.28000000003,,285714,,,,0,214285.70999999999,,0,
1218,,285714.28000000003,,285714,,,,0,214285.70999999999,,0,
1195,285714,285714.28000000003,,285714,,,,0,357142.70999999996,,0,
651,,3645000,0,,357142.85999999999,0,,0,0,,0,
901,285714,285714.28000000003,,285714,0,525000,,214285.70999999999,214285.70999999999,,71428.5,
1007,285714,285714.28000000003,,285714,,252000,,214285.70999999999,214285.70999999999,,0,
1246,285714,285714.28000000003,,285714,,,,0,214285.70999999999,,71428.5,
1080,285714,285714.28000000003,,285714,,0,,0,214285.70999999999,,0,
1301,285714,285714.28000000003,,285714,,,,214285.70999999999,214285.70999999999,,0,
1113,285714,285714.28000000003,,285714,,,,0,357142.70999999996,0,0
