OPF,SALARY  ADVANCE,ZIC (MIKOPOYA STAFF),TAX,HIGHER EDUCATION LOAN     BOARD (WEMA),HIGHER EDUCATION LOAN     BOARD (TZ),CASH WAQFU,ZAFICOWU,PBZ FOOTBALL CLUB,"AWENA, FATMA MUSSA AND ALI",TUICO,IBD LUMUMBA STAFF,"MAHAMISA.FATMA,HAWA,SHIFAA AND MWANAIDI","MAKAME,FADHIL,VIWE AND FATMA",MOSSI MOHAMED AND SAFIYA ABDUL,"MAUWA, KHEIR, MARYAM AND HAJI","MR AYMAN SULEIMAN, ABDULKARIM",SAMMAR MAMAZ,"SAFIA,FADHIL RAJAB,SALHA SOUD",ISLAMIC BANK -AAWUN FUND,HASSAN MAULID AND MWANSHAMBA ALI,LIFE CARE,ZULEKHA KHAMIS HAJI,"KHATIB BUYU, NASSOR M, NASSOR K AND HAJI ABASS",CHANGAMOTO LPF
1269,0,,,,,,,,,,,,,,,,,,,,,,,
880,0,,0,,,,35940,,,,,,,,,,,,,,,,,
789,0,,,,,,0,,,,,,,,100000,,,800000,,,,,,
579,764500,,0,,,,,,15000,,,,15000,,,,0,,,,,100000,,
677,0,,,,,,,,,,,,,,,,,,,,,,,
645,100000,,,,0,,,,,,,,,,,,,,,,,,,
730,0,,,,,,,,,,,,10000,30000,,,,,,,,,,
703,833333.33333333337,,0,0,,,39870,,,,,,20000,,,,,,,,,,,
783,100000,,,,,,,,,,,,,,,,,,,,,,,
743,0,,0,,,,,,,,,,10000,30000,,20000,,,,,,,,
689,100000,,,,,,35940,,,,,,,,,,,,,,,,,
1169,0,,,,,,0,,,,,,,,,,,,,,,,,
1185,2250000,,0,,,,,,,,,,,,,,,,,,,,,
1174,100000,,,,,,,,,,,,20000,,,,,,,,,,,
919,0,,,,,,,,,,,,,,,,,,,250000,,,,
476,500000,,0,,,,35940,,15000,,,,,,,,,,,,50000,,,
457,0,,0,0,0,,0,,15000,,,0,,,0,,,,,,0,0,,0
678,699000,,0,,,0,,10000,,,,,25000,,,,,,,,,,,
655,699000,,0,,0,,35940,,,,,100000,,30000,,,100000,,,,,,,
569,0,,0,0,0,,,,15000,,,,,,,,,,,,,0,,
679,0,,,,,,,10000,,,,,,,,,,,,,,,,
740,0,,0,0,0,,35940,,15000,,50000,,,,,,,,,,,,,0
639,0,,,,,,35940,,,,,,20000,,,,,,,,,,,
631,316666.66666666663,,0,,,,,,,,,,,,,,,500000,,,,,,
771,100000,,0,,0,,0,,,,,,,,,,,,,,,,,
714,100000,,0,,0,,35940,,,,,,,,,,100000,,,,,,,
563,499333.33333333331,,2995.0000000000018,,,,,,15000,,,,,,100000,,,,,,50000,50000,,
813,100000,,0,,,,35940,,,,,,,,,,,,15000,,,,,
683,100000,,0,,0,,35940,,,,,,10000,,,,,,,,,,25000,
715,100000,,0,0,,,0,,,,,,,,,,,,15000,,,,,
701,100000,,0,,,,,,,,,,,,,,,,,,,,25000,
750,100000,,,,,,,,,,,,,,30000,,,,,,,,,
760,0,,0,,0,,35940,,,,,,15000,,,,,,,,,,,
570,506166.66666666698,,0,,,,,,,,,,15000,,,,,50000,,,,0,,
657,433333.33000000002,,0,,0,,23670,,,,,,,,,,,,,,,,,
635,266666.66666666663,,0,,0,,22270,,,,,,10000,,,20000,,,,,,,,
687,0,,0,,0,,,,,,,,,,,,100000,,,,,,,
661,211111.11111111112,,555.55555555555657,,,,,,,,,,,,,,,,,,,,,
564,100000,,0,,,,,,,43920,,,,,,,,,,,,50000,,
824,100000,,0,,0,,0,,,,,,,,,,,,,,,,,
741,100000,,0,,,,,,,,,,10000,,,,100000,,,,,,,
1190,100000,,,,,,20720,,,,,,,,,,,,,,,,,
1189,100000,,,,,,20720,,,,,,,,,,,,,,,,,
747,100000,,0,,,,,,,,,,,,,,,,,,,,,
815,100000,,0,0,,,,10000,,,,,,,,,,,,,,,,
682,0,,,0,,,,,,,,,,,,,,,,,,,,
699,0,,0,,,,,,,,,,,,,,,,,,,,,
732,100000,,,,,0,0,,,,,100000,15000,,,,,,,,,,,
735,100000,,0,0,,,18630,,,,,,,,,,,,,,,,,
931,0,,,,,,,,,,,,,,,,,,,,,,,
705,100000,,0,0,,,0,,,,,,10000,,,,,,,,,,25000,
928,100000,,0,,,,18360,,,,,,,,,,,,,,,,,
764,0,,0,,,,,10000,,,,,10000,,,,,165000,,,,,,
1170,166666.66999999998,,0,,0,,,,,,,,,,,,,,,,,,,
719,100000,,,,,,,,,,,,,,,,,,,,,,,
681,100000,,,,,,,,,,,,,,,,,,,,,,,
520,100000,,,,,,,,15000,,,,,,,,100000,,,,0,50000,,
709,350000,,0,0,,,0,,,,,,,,,,,,,,,,,
700,350000,,1250,,,,,,,,,,,,,,,,,,,,25000,
704,0,,0,,,,17820,,,,,,,,,,,,,,,,25000,
772,100000,,0,0,0,10000,17010,,,,,,10000,,,,,,15000,,0,0,,0
810,100000,,0,0,,,17010,,,,,,,,,,,0,,,,,,
754,0,,0,,,,,,,,,,,,,,,,,,,,,
808,0,,,,,,,,,,,,,,,,,,,,,,,
800,100000,,,0,0,10000,19170,,15000,,,,,,,,,,,,0,0,,0
846,0,,0,0,0,,0,,,,,0,,,0,,,,,,0,0,,0
1062,0,,0,0,,,,10000,,,,,,,,,,,,,,,,
667,0,,0,0,,,0,,,,,,,,,,,,,,,,,
829,100000,,0,,,,16470,10000,,,,,,,,,,50000,,,,,,
751,0,,0,,0,,,,,,,,15000,,,,,,,,,,,
761,350000,,0,,,,,,,,,,15000,,,,,,,,0,,,
874,0,,0,,0,,,,,,,,,,,,,,,,,,,
868,100000,,0,0,0,,,,,,,,10000,,,,,,,,,,,
858,0,,0,,,,,,,,,,10000,,,20000,,,,,,,,
742,100000,,0,,,,18630,,,,,,15000,,,,,,,,,,,
378,500000,,0,,,,,,15000,,,,,,,,,,,,,100000,,
802,100000,,,,,,,,,,,,,,,,,,,,0,,,
805,0,,0,0,,,16010,,,,,,,,,,,,,,,,,
817,100000,,,0,,,,,,,,,10000,,,20000,,,15000,,,,,
838,100000,,0,,,,,,,,,,,,,,,,,,,,,
932,363000,,0,,,,15780,,,,,,,,,,,,,,,,,
923,100000,,,0,,,0,,,,,,,,,,,,,,,,,
935,100000,,0,91094,0,,15550,,,,,,,,,,,,,,,,,
958,100000,,0,,0,,,,,,,,,,,,,100000,,,,,,
826,100000,,,,0,,15550,10000,,,,,,,,,,,,,,,,
943,0,,0,0,,,,,,,,,,,,,,,,,,,,
854,359166.66666666663,,,,233250,,,10000,,,,,,,,,,,,,,,25000,
862,100000,,0,,0,,,,,,,,,,,,,0,,,,,,
879,0,,0,,,,,,,,,,,,,,,,,,,,,
861,0,,0,,0,,35940,10000,,,,,,,,,,,,,,,,
527,359166.66666666663,,0,,,,15550,10000,15000,,,,0,,0,,,,,100000,0,,,0
877,100000,,0,,,,15550,,,,,,10000,,,,,,,,,,,
947,100000,,0,,0,,0,,,,,,,,,,,,,,,,,
890,100000,,0,,233250,,,,,,,,,,,,,,,,,,,
1188,0,,,,,,,,,,,,,,,,,,,,,,,
847,266666.66666666663,,,,,,,,,,,,,,,,,,,,,,,
1137,0,,,,,,15090,,,,,,,,,,,,,,,,,
1178,0,250000,0,,0,,15320,10000,,,,,,,,,,,,,,,,
914,0,,,0,,,16010,,,,,,,,,,,,,,,,,
271,,,,,,,,,,,,,,,,,,,,,,,,
954,100000,,0,,,,,,,,,,10000,30000,,,,,,80000,,,,
839,0,,0,0,,,,,,,,,10000,,,,,,,,,,,
1273,0,,,,,,,,,,,,,,,,,,,,,,,
937,322222.22222222225,,833.33333333333519,,0,,13770,,,,,,10000,,,,,,,,,,,
936,100000,,0,,226350,,,10000,,,,,,,,,,,,,,,,
970,100000,,,,,10000,15090,,,,,,10000,,,,,,,,,,,
941,0,,,0,,,13770,,,,,,15000,,,,,,,,,,,
945,100000,,0,0,,5000,,,,,,,10000,,,,,,,100000,,,,
953,100000,,,0,,,0,10000,,,,,,,,,,,,,,,,
950,0,,,0,,,13770,,,,,,,,,,,,,,,,,
951,50000,,0,,,,0,,,,,,,,,,,,,,,,,
728,100000,,,,,,,,,,,,,,,,,,,,,,,
990,266666.66666666663,,625.00000000000057,,,,,,15000,,,,,,,,,,0,,,,,
1247,100000,,,,,,,,,,,,,,,,,,,100000,,,,
1002,100000,,0,,,,15090,,,,,,,,,,,,,,,,,
547,230555.555555556,,489.58333333333417,,,,13370,,,,,,,,,,,,,,,,,
985,0,,,0,,,,,,,,,,,,,,,,,,,,
973,100000,,0,,,,15090,10000,,,,,,,,,,,,,,,,
981,100000,,0,,,,12770,,,,,,15000,,,,,,,,,,,
959,100000,,0,0,,,,,,,,,,,,,,,,,,,,
952,50000,,0,0,,,15090,,,,,,,,,,,,,100000,,,,
982,100000,,0,0,,,12770,,,,,,10000,,,,,,,,,,,
986,0,,0,,0,,0,10000,,,,,,,,,,,,,,,,
998,162500,,0,103597,,,,,,,,,10000,,,20000,,,,,,,,
1066,50000,,0,0,,,,,,,,,,,,,,,,,,,,
1053,400000,,0,0,,,12370,,,,,,,,,,,,,,,,,
1004,0,,0,,185100,,,,,,,,10000,,,,,,,,,,,
1023,100000,,0,137813,,,,,,,,,,,,,,,,,,,,
1024,100000,,0,0,,10000,15090,,,,,,,,,,,,,,,,,
1014,100000,,0,0,0,,,10000,,,,,,,,,,,,,,,,
1015,100000,,0,,0,,,,,,,,,,,,,,,,,,,
1011,100000,,0,0,,,0,,,,,,10000,,,,,,,,,,,
1192,100000,0,,,182550,,12170,,,,,,,,,,,,,,,,,
1329,,,,,,,,,,,,,,,,,,,,,,,,
1059,100000,,0,0,,,,10000,,,,,,,,,,,,,,,,
918,70000,,0,,,,,,,,,,,,,,,,,,,,,
1134,100000,,0,0,,,,,,,,,,,,,,,,,,,,
922,100000,,0,,,,0,,,,,,,,,,,,,,,,,
1090,0,,,,172350,,11490,,,,,,,,,,,,,,,,,
1130,100000,,0,,169800,,11320,,,,,,,,,,,,,,,,,
1102,100000,,0,0,,,12770,10000,,,,,,,,,,,,,,,,
1119,100000,,,0,,,11320,,,,,,10000,,,,,,,,,,,
1139,0,,,0,,,,,,,,,,,,20000,,,,,,,,
1154,100000,,0,,169800,,11320,,,,,,,,,,,,,,,,,
1091,100000,,,,,,11320,,,,,,,,,,,,,,,,,
1165,0,,0,,0,,11320,10000,,,,,,,,,,,,,,,,
1133,100000,,0,,169800,,11320,,,,,,,,,,,,,,,,,
1105,100000,,,,,,11320,,,,,,,,,,,,,,,,,
1082,0,,,0,,,11320,,,,,,10000,,,,,,,,,,,
1120,0,,,,,,0,,,,,,,,,,,265000,,,,,,
1083,100000,,,,,,0,,,,,,,,,,,,,,,,,
1074,0,,0,,,,0,,,,,,,,,,,115000,,,,,,
1084,100000,,0,,,,11320,,,,,,,,,,,,,,,,,
1116,100000,,,,,,0,,,,,,,,,,,,,,,,,
1121,100000,,,0,,,0,,,,,,,,,,,,,,,,,
1100,100000,,0,0,,,11320,,,,,,10000,,,,,,,,,,,
1226,0,,,,,,10640,,,,,,,,,,,,,,,,,
778,100000,,0,0,,,19480,10000,,,,,,,,,,,,,,,,
1128,100000,,0,,167250,,11150,,,,,,,,,,,,,,,,,
908,100000,,,0,0,,11150,,,0,,0,,,0,,,,,,,,,
1075,100000,,0,,,,11150,,,,,,,,,,,,,,,,,
673,100000,,,,,,10980,10000,,,,,,,,,,,,50000,,,,
1327,0,,,,,,,,,,,,,,,,,,,,,,,
1326,0,,,,,,,,,,,,,,,,,,,,,,,
1217,0,,,146153.84615384616,,,,,,,,,,,,,,,,,,,,
1235,0,,,,159600,,10640,,,,,,,,,,,,,,,,,
1309,0,,,,,,10640,,,,,,,,,,,,,,,,,
1310,100000,,,,159600,,10640,,,,,,,,,,,,,,,,,
1311,100000,,,148337,,,10640,,,,,,,,,,,,,,,,,
1312,0,,,155556,0,,10640,,,,,,,,,,,,,,,,,
1313,0,,,,,,10640,,,,,,,,,,,,,,,,,
1314,0,,,120833,0,,10640,,,,,,,,,,,,,,,,,
1315,100000,,,126071,0,,10640,,,,,,,,,,,,,,,,,
1316,0,,,,159600,,10640,,,,,,,,,,,,,,,,,
1318,100000,,,,,,10640,,,,,,,,,,,,,,,,,
1319,100000,,,,,,,,,,,,,,,,,,,,,,,
1321,0,,,,,,10640,,,,,,,,,,,,,,,,,
1325,0,,,,,,10640,,,,,,,,,,,,,,,,,
1320,0,,,,,,10640,,,,,,,,,,,,,,,,,
1322,100000,,,152115,0,,10640,,,,,,,,,,,,,,,,,
1289,100000,,,,159600,,10640,,,,,,,,,,,,,,,,,
1303,100000,,,,,,10640,,,,,,,,,,,,,,,,,
1297,100000,,,,,,10640,,,,,,,,,,,,,,,,,
1307,0,,,125000,159600,,10640,,,,,,,,,,,,,,,,,
1291,100000,,,153889,,,10640,,,,,,,,,,,,,,,,,
1286,100000,,,,,,10640,,,,,,,,,,,,,,,,,
1295,0,,,133333,,,10640,,,,,,,,,,,,,,,,,
1302,100000,,,146346,,,10640,,,,,,,,,,,,,,,,,
1285,100000,,,,,,,,,,,,,,,,,,,,,,,
1288,100000,,,153889,,,10640,,,,,,,,,,,,,,,,,
1282,0,,,,,,10640,,,,,,,,,,,,,,,,,
1300,0,,,,,,10640,,,,,,,,,,,,,,,,,
1296,0,,,,,,10640,,,,,,,,,,,,,,,,,
1290,100000,,,144792,,,10640,,,,,,,,,,,,,,,,,
1279,100000,,,133619,,,10640,,,,,,,,,,,,,,,,,
1241,0,,,152115.38461538462,,,,,,,,,,,,,,165000,,,,,,
1240,100000,,,,,,10640,10000,,,,,,,,,,,,,,,,
1231,100000,,,153888.88888888888,,,10640,,,,,,,,,,,,,,,,,
1220,100000,,,,,,10640,,,,,,,,,,,,,,,,,
1230,100000,,,,159600,,,,,,,,,,,,,,,,,,,
1224,0,,,135714.28571428571,,,,,,,,,,,,,,,,,,,,
1223,100000,,,,159600,,10640,10000,,,,,,,,,,,,150000,,,,
1242,266666.66666666663,,,,,,,,,,,,,,,,,,,,,,,
1260,0,,,,,,10640,,,,,,,,,,,,,,,,,
638,100000,,0,0,,,,,,,,,10000,,,,,,,,,,,
724,100000,,0,,,,,,,,,,,,,,,,,,,,,
1172,100000,,,,,,,,,,,,,,,,,,,,,,,
1050,100000,,0,,,,11660,10000,,,,,,,,,,,,,,,,
1046,100000,,0,,,,9420,,,,,,10000,,,,,,,,,,,
1045,0,,0,,,,9420,,,,,,,,,,,,,,,,,
759,,,,,,,18090,,,,,,10000,,50000,,,,,,,,,
1175,155555.55555555556,,833.33333333333428,,,,,10000,,,,,,,,,,,,,,,,
856,249500,,0,,,,8970,,,,,,,,,,,,,,,,,
1078,100000,,0,,,,8580,10000,,,,,,,,,,,,,,,,
1250,166666.66666666669,,0,,,,,,,,,,,,,,,,,,,,,
1196,100000,,,,,,,,,,,,,,,,,,,,,,,
1022,100000,,0,,,,,,,,,,,,,,,,,,,,,
1010,100000,,,,,,,10000,,,,,,,,,,,,,,,,
1197,218666.66999999998,,,,,,7120,,,,,,,,,,,,,,,,,
1061,100000,,0,,,,,,,,,,,,,,,,,,,,,
1081,100000,0,,,,,8710,,,,,,,,,,,,,,,,,
1194,100000,,,,,,,,,,,,,,,,,,,,,,,
1253,100000,,,,,,,,,,,,,,,,,,,,,,,
939,0,,0,,,,,,,,,,,,,,,,,,,,,
933,0,,,,,,,,,,,,,,,,,,,,,,,
1317,0,,,,,,,,,,,,,,,,,,,,,,,
1323,100000,,,,,,0,,,,,,,,,,,,,,,,,
866,100000,,0,,0,,35940,,,,,,,,,,,,15000,,,,,
660,225000,,0,,,,,,,,,,,30000,,,100000,,,,,,,
663,100000,,,0,0,,21960,,,,,0,,,0,,,,,,0,0,,0
696,100000,,,,,,19790,,,,,,,,50000,,,,,,,,,
811,100000,,0,,,,16240,,,,,,,,,,,,,,,,,
827,272727.27272727271,,0,,,,,,,,,,,,,,,,,,,,,
1070,100000,,0,,,,,,,,,,,,,,,,,,,,,
876,100000,,0,,,,15550,,,,,,,,100000,,,,,,,,,
938,100000,,,0,,,15320,,,,,,10000,,,,,,,,,,,
726,0,,0,,,,,,,,,,15000,,,,,,,,,,25000,
957,100000,,0,,,,15090,,,,,,,,,,,,,,,,,
948,100000,,0,,206550,,13770,,,,,,,,,,,,,,,,,
960,0,,0,0,,,13370,,,,,,10000,,,,,,,,,,,
974,0,,,,,,12770,,,,,,,,,,,,,,,,,
978,200000,,0,,,,15090,,,,,,15000,,,,,,,,,,,
987,100000,,0,,,,,10000,,,,,,,,,,,,,,,,
1043,100000,,0,133619,,,12370,,,,,,,,,,,,,,,,,
1056,0,,0,126786,,10000,12370,,,,,,,,,,,,,,,,,
1049,0,,0,,,,12370,,,,,,,,,,,,,,,,,
1021,0,,0,0,,,0,,,,,,,,,,,,,,,,,
1016,100000,,,127937,,,12570,,,,,,,,,,,,,,,,,
1028,100000,,0,0,,,12570,,,,,,,,,,,,,,,,,
1136,100000,,0,0,,,11320,,,,,,10000,,,,,,,,,,,
1111,100000,,0,,,,11320,10000,,,,,,,,,,,,,,,,
1126,100000,,,0,,,11320,,,,,,,,,,,,,,,,,
1123,0,,0,0,,,11320,,,,,,,,,,,,,,,,,
1145,0,,,0,,,11320,,,,,,,,,,,,,,,,,
1129,100000,,0,,169800,,11320,,,,,,,,,,,,,,,,,
1142,0,,,0,,,11320,,,,,,,,,,,,,,,,,
1110,100000,,0,0,,,,,,,,,,,,,,,,,,,,
1077,0,,,133958,0,,12770,,,,,,,,,,,,,,,,,
1221,100000,,,150961.53846153847,,,10640,,,,,,,,,,,,,,,,,
1238,0,,,113888.88888888889,,,10640,,,,,,,,,,,,,,,,,
1259,100000,,,,,,10640,,,,,,,,,,,,,,,,,
1071,216666.66666666669,,437.49999999999926,0,,,,,,,,,,,,,,,,,,,,
1057,0,,0,,141300,,9420,,,,,,,,,,,,,,,,,
1044,100000,,0,,,,9420,,,,,,,,,,,,,,,,,
1047,100000,,0,,,,9420,,,,,,,,,,,,,,,,,
508,0,,,,,,21650,,,,,,,,,,,,,,,0,,
774,100000,,0,0,,,,,,,,,,,,,,,,,,,,
819,0,,0,0,,,15780,,,,,,,,,,,,15000,,,,,
956,100000,,0,0,,,12770,,,,,,,,,,,,,,,,,
1099,100000,,0,,,,11320,,,,,,,,,,,,,,,,,
745,246250,,0,0,0,10000,,,,,,,,,,,,,,,,,,
850,100000,,0,,,,,10000,,,,,,,,,,,,,,,,
652,100000,,0,,,,19480,,,,,,,,100000,,,,,,,,,
806,100000,,0,,,20000,,,,,,,30000,,100000,,,,,,,,,
804,0,,,,,,,,,,,,,,,,,,,,,,,
887,60000,,0,0,0,,,,,,,,,,,,,,,,,,,
882,0,,,,,,14170,,,,,,,,,,,,,,,,,
940,100000,,0,0,,,13770,,,,,,,,,,,,,,,,,
988,100000,,0,0,,,,,,,,,,,,,,,,,,,,
1252,0,,,,,,12370,,,,,,,,,,,,,,,,,
1124,100000,,0,0,,,11320,10000,,,,,,,,,,,,,,,,
1156,0,,,,,,11150,,,,50000,,,,50000,,,,,,,,,
1298,50000,,,,,,10640,,,,,,,,,,,,,,,,,
1228,0,,,169137.93103448275,,,,,,,,,,,,,,,,,,,,
1239,100000,,,141479.16666666666,,,10640,,,,,,,,,,,,,,,,,
1232,100000,,,150000,,,,,,,,,,,,,,,,,,,,
1036,100000,,0,,,,,,,,,,,,,,,,,,,,,
582,0,,,,,,,,,,,,,,,,,,,,,,,
695,699000,,,,0,,0,,15000,,,,,,,,,,,,,,,
710,0,,,0,,,21650,,,,,,,,,,,,,,,,,
748,0,,,,,,,,,,,,,,,,,,,,,,,
899,0,,,,,,19790,,,,,,,,,,,,,,,,,
738,0,,0,,,,18630,,,,,,,,,,,,,,,,,
895,0,,,,236700,,15780,,,,,,,,,,,,,,,,,
925,100000,,,0,,,0,,,,,,,,,,,,,,,,,
997,0,,,0,,,,,,,,,,,,,,,,,,,,
1017,0,,0,,188550,,12570,,,,,,,,,,,,,,,,,
1122,100000,,,,,,11320,,,,,,,,,,,,,,,,,
1094,0,,,,,,11320,,,,,,,,,,,,,,,,,
1167,0,,0,,169800,,0,,,,,,,,,,,,,,,,,
1215,100000,,,,,,,,,,,,,,,,,,,,,,,
1254,0,,,,,,10640,,,,,,,,,,,,,,,,,
1256,100000,,,,,,10640,,,,,,,,,,,,,,,,,
1257,0,,,267184,,,10640,,,,,,,,,,,,,,,,,
1216,100000,,,,159600,,10640,,,,,,,,,,,,,,,,,
1222,100000,,,,159600,,10640,,,,,,,,,,,,,,,,,
924,100000,,,,,,15090,,,,,,,,,,,,,,,,,
1249,100000,,,,,,,,,,,,,,,,,,,,,,,
721,0,,0,,0,,35940,,15000,,,,,,,,,,,,,,,
676,100000,,0,,,,22270,,,,,,,,,,,,,,,,,
656,211111.11111111112,,555.55555555555657,,,,,,15000,,,,,30000,,,,,,,,,,
640,338916.66666666663,,0,,,,21650,,15000,,,,20000,,100000,,100000,,,,,,,0
746,100000,,,,,25000,21030,,,,,,,,,,100000,,,,,,,
691,308333.33333333302,,0,,,,,10000,,,,,30000,,,,,,,,,,,
650,322222.22222222225,,833.33333333333519,0,0,,,,,,,,,,,,,,,,,,,
920,0,,,,,,,10000,,,,,,,,,,,,,,,,
766,322222.22222222225,,555.55555555555736,,0,,17010,,,,,,10000,,,,,,,,0,,,
756,0,,,,,,15780,,,,,,,,,,,,,,,,,
889,100000,,0,0,,,,,,,,,,,,,,,,,,,,
900,100000,,0,,0,,15550,,,,,,,,,,,,,,,,,
1072,50000,,,,,,,,,,,,10000,,,,,,,,,,,
979,100000,,0,0,,,,,,,,,,,,,,,,,,,,
946,100000,,0,,,,13570,,,,,,10000,,,,,,,,,,,
996,100000,,0,0,,,13370,,,,,,,,,,,,,,,,,
955,100000,,0,,,,,,,,,,,,,,,,,,,,,
942,141666.66666666666,,0,0,,,12770,,,,,,,,,,,,,,,,,
989,100000,,0,0,,,,,,,,,,,,,,,,,,,,
1040,100000,,0,,,,12370,,,,,,,,,,,,,,,,,
1009,100000,,0,,188550,,,,,,,,,,,,,,,,,,,
1000,0,,0,0,,,,,,,,,,,,,,,,,,,,
1037,0,,0,141786,,,13170,,,,,,,,,,,,,,,,,
1118,100000,,,0,,,11320,,,,,,,,,,,,,,,,,
1096,100000,,0,,,,,,,,,,,,,,,,,,,,,
1125,0,,,0,,,11320,,,,,,,,,,,,,,,,,
1258,100000,,,103333,,,10640,10000,,,,,,,,,,,,,,,,
1229,0,,,150000,,,,,,,,,,,,,,,,,,,,
1233,100000,,,,,,,,,,,,,,,,,,,,,,,
1281,100000,,,153043,,,10640,,,,,,,,,,,,,,,,,
1042,250000,,0,169160,,15000,9420,,,,,,,,,,,,,,,,,
1052,100000,,0,,,,9420,,,,,,,,,,,,,,,,,
758,460833.33000000002,,0,0,0,,,,,43300,,,,,,,,,,,,,,
697,100000,,0,,,,,,,,,,,,,,,,,,,,,
841,100000,,0,,,,,,,,100000,,,,,,,,,,,,,
842,100000,,0,,,,,,,,,,,,,,,,,,,,,
835,100000,,0,,347783,,19480,,,,,,,,,,,,,,,,,
913,100000,,0,,,,0,,,,,,,,,,,,,,,,,
809,100000,,0,,,,,,,,,,,,,,,,,,,,,
843,100000,,,,,,,,,,,,,,,,,,,,,,,
844,100000,,,,,,0,,,,,,,,100000,,,,,,,,,
744,100000,,,,,,19480,,,,,,,,,,,,,,,,,
964,0,,0,,,,,,,,,,,,,,,,,,,,,
993,0,,0,,,,0,,,,,,,,,,,,,,,,,
1076,100000,,0,140385,,,0,,,,,,,,,,,,,,,,,
1115,100000,,,,,,11320,,,,,,,,,,,,,,,,,
1161,100000,,0,0,,,11150,,,,,,,,,,,,,,,,,
1265,100000,,,,,,10640,,,,,,,,,,,,,,,,,
1275,0,,,136111,159600,,10640,,,,,,,,,,,,,,,,,
1186,150000,,0,,,,,,,,,,,,,,,,,,,,,
823,100000,,0,,,,35940,,,,,,,,,,,,,,,,,
994,100000,,0,0,,,15320,,,,,,,,,,,,,,,,,
860,891666.66666666663,,0,0,,,,,,,,,,,,,,,,,,,,
775,0,,0,,,,21030,,,,50000,,,,100000,,,,,,,,,
912,0,,,185000,,,0,,,,,,,,,,,,,,,,,
893,100000,,,,,,15550,,,,,,,,,,,,,,,,,
857,100000,,0,,229800,,,,,,,,,,,,,,,,,,25000,
907,100000,,,,,,14170,,,,,,,,,,,,,,,,,
1159,100000,,0,0,,,11150,,,,,,,,,,,,,,,,,
1248,100000,,,,,,10640,,,,,,,,,,,,,,,,,
1203,100000,,,,,,10640,,,,,,,,,,,,,,,,,
851,166666.66666666669,,166.66666666666671,,,,9120,,,,,,,,,,,,,,,,,
865,150000,,375,,,,21650,10000,,,,,,,,,,,,,,,,
878,100000,,0,103125,0,,21340,,,,,,,,,,,,,,,,,
674,100000,,0,0,0,10000,19480,,,,,,,,50000,,,,,,,,,
911,100000,,,,,,0,,,,,,10000,,,,,,,,,,,
708,100000,,0,0,,,0,,,,,,,,,,100000,,,,,,,
905,0,,,0,0,25000,15090,,,,,,,,,,,,,,,,,
870,100000,,0,,,,19790,,,,,,,,,,,,,,,,,
944,100000,,0,0,,,13770,,,,,,,,,,,,15000,,,,,
976,0,,0,,,,13770,,,,,,10000,,,,,,,,,,,
1086,0,,0,,169800,,11320,,,,,,,,,,,,,,,,,
961,319500,,0,0,,,15090,10000,,,,,,,,,,,,,,,,
977,100000,,0,112266,,,0,10000,,,,,10000,,,,,,,,,,,
983,100000,,,0,,,,,,,,,10000,,,,,,,,,,,
1051,100000,,0,0,,,12370,,,,,,,,,,,,,,,,,
1054,100000,,0,0,,,0,,,,,,,,,,,,,,,,,
1020,0,,,135404,,,,,,,,,,,,,,,,,,,,
1041,100000,,,127937,,,11490,,,,,,,,,,,,,,,,,
1138,100000,,0,,169800,,11320,,,,,,,,,,,,,,,,,
1144,100000,,0,,,,,,,,,,,,,,,,,,,,,
1092,100000,,0,,,,11320,,,,,,,,,,,,,,,,,
1140,100000,,0,0,,,11320,,,,,,,,,,,,,,,,,
1245,100000,,,152115.38461538462,,,10640,,,,,,,,,,,,,,,,,
1234,0,,,159444.44444444444,,,10640,,,,,,,,,,,,,,,,,
1048,100000,,0,,,,9420,,,,,,,,,,,,,,,,,
1034,100000,,0,,,,9420,,,,,,10000,,,,,,,,,,,
784,424666.66666666669,,0,0,,,35940,,,,,,,,,,,,,,,,,0
1032,100000,,,,,,,,,,,,,,,,,,,,,,,
1033,100000,,0,,,,12370,,,,,,,,,,,,,,,,,
1031,100000,,0,,0,,,,,,,,,,,,,,,,,,,
1025,100000,,,,,,12570,,,,,,,,,,,,,,,,,
1158,0,,,,,,11320,,,,,,,,,,,,,,,,,
1141,285833.32999999996,,,0,0,,11150,,,,,,,,,,,,,,,,,
1264,0,,,,,,10640,,,,,,,,,,,,,,,,,
995,100000,,0,,315450,,21030,,,,,,,,,,,,,,,,,
1271,100000,,,,,,,,,,,,,,,,,,,,,,,
1284,100000,,,166019,,,10640,,,,,,,,,,,,,,,,,
1304,0,,,146346,,,10640,,,,,,,,,,,,,,,,,
1266,0,,,,,,10640,,,,,,,,,,,,,,,,,
1207,0,,,135576.92307692306,,,10640,,,,,,,,,,,,,,,,,
1219,100000,,,128125,,,,,,,,,,,,,,,,,,,,
1112,188888.88888888888,,666.66666666666606,,,,6475,,,,,,,,,,,,,,,,,
659,100000,,0,,,,0,,,,,,,,,,,,,,,,,
718,100000,,0,0,0,,35940,,,,,,20000,,,,,,15000,,,,,
867,100000,,0,,0,,20410,,,,,,,,,,,,,,,,,
669,100000,,0,0,,,16010,,,,,,,,,,,,,,,,,
967,351500,,,0,,,15320,,,,,,,,,,,,,,,,,
1164,0,,,0,,,,,,,,,,,,,,,,,,,,
1107,100000,,,0,,,11320,,,,,,,,,,,,,,,,,
1166,100000,,0,,167250,,11150,,,,,,,,,,,,,,,,,
1153,100000,,,0,,,11150,,,,,,,,,,,,,,,,,
1211,0,,,,,,10640,,,,,,,,,,,,,,,,,
1212,100000,,,,159600,,10640,,,,,,,,,,,,,,,,,
1213,100000,,,127291.66666666667,,,10640,,,,,,,,,,,,,,,,,
1306,100000,,,,159600,,10640,,,,,,,,,,,,,,,,,
1308,100000,,,,159600,,10640,,,,,,,,,,,,,,,,,
1151,100000,,,,,,7560,,,,,,,,,,,,,,,,,
713,100000,,,,,15000,35940,,,,,,20000,,,,,,15000,,,,,
702,100000,,,0,,,0,,,,,,10000,,,,,,,,,,,
949,100000,,0,0,,,15550,,,,,,,,,,,,,,,,,
1005,100000,,0,0,,,15090,,,,,,,,,,,,,,,,,
1146,100000,,,,,,11320,,,,,,10000,,,,,,,,,,,
1079,0,,,0,,,11320,,,,,,,,,,,,,,,,,
1149,100000,,0,0,,,11150,,,,,,,,,,,,,,,,,
575,355555.55555555556,,0,,,,,,,,,,,,,,,,,,,,,
623,0,,0,,,,,,,,,,,,,,,,,,,,,
707,0,,0,0,,,0,,,,,,,,,,,,15000,,,,,
825,0,,0,0,,,0,,,,,,,,,,,,,,,,,
734,100000,,0,,0,,18900,,,,,,,,,,,,,,,,,
777,415000,,0,,0,,18900,,,,,,,,,,,,,,,,,
769,100000,,,0,,10000,17010,,,,,,,,,,100000,,15000,,,,,
897,0,,0,0,,,,,,,,,,,,,,,,,,,,
894,100000,,,,,,0,10000,,,,,,,,,,,,,,,,
892,0,,0,0,,,,,,,,,,,,,,,,,,,,
984,0,,0,0,,5000,13170,,,,,,,,,,,,,,,,,
972,0,,0,,,,,,,,,,,,,,,,,,,,,
1018,100000,,0,0,188550,,,,,,,,,,,,,,,,,,,
1008,0,,,,,10000,12570,,,,,,,,,,,,,,,,,
1160,100000,,,0,,,11320,,,,,,,,,,,,,,,,,
1098,0,,0,0,,,11150,,,,,,,,,,,,,,,,,
1225,0,,,155555.55555555556,,,10640,,,,,,,,,,,,,,,,,
1274,50000,,,141479,,,10640,,,,,,,,,,,,,,,,,
1293,100000,,,152115,,,10640,,,,,,,,,,,,,,,,,
1255,100000,,,,,,10640,,,,,,,,,,,,,,,,,
1244,0,,,156666.66666666666,,,10640,,,,,,,,,,,,,,,,,
773,100000,,,,0,,35940,,,,,,,,,,,,,,0,0,,0
716,0,,,0,,,0,,,,,,,,,,,,,,,,,
571,100000,,,,,,21340,,15000,,50000,,,,100000,,,,,,50000,0,,
869,100000,,0,,0,,,,,,,,,,,,,,,,,,,
871,100000,,0,0,,,21340,,,,,,,,,,,,,,,,,
828,0,,0,0,,,0,,,,100000,,,,,,,,,,,,,
930,0,,0,0,,,,,,,50000,,,,,,,,,,,,,
765,100000,,0,,263250,,0,,,,,,,,,,,,,,,,,
966,100000,,,,0,,15090,,,,,,,,,,,,,,,,,
1030,0,,0,,0,,12970,,,,50000,,,,,,,,,,,,,
1132,50000,,0,,,,11320,,,,,,,,,,,,,,,,,
1117,0,,0,0,,,11320,,,,,,,,,,,,,,,,,
1106,100000,,0,,,,11320,,,,50000,,,,,,,,,,,,,
1171,,,,,,,,,,,,,,,,,,,,,,,,
1294,100000,,,,,,10640,,,,,,,,,,,,,,,,,
1058,100000,,0,,,,,10000,,,,,,,,,,,,,,,,
1103,50000,,0,,,,,,,,,,,,,,,,,,,,,
1198,100000,,,,,,,,,,,,,,,,,,,,,,,
903,100000,,,0,,,20410,,,,,,,,,,,,,,,,,
875,100000,,0,,247050,,16470,,,,,,,,,,,,,,,,,
884,100000,,0,,0,,0,,,,50000,,,,,,,,,,,,,
1013,100000,,0,,,,12570,,,,,,,,,,,,,,,,,
971,100000,,0,0,,,0,,,,,,,,,,,,,,,,,
1114,50000,,0,,,,11150,,,,,,,,,,,,,,,,,
1157,0,,0,0,,,11150,,,,,,,,,,,,,,,,,
1268,50000,,,,,,10640,,,,,,,,,,,,,,,,,
539,100000,,0,,0,,35940,,15000,,,,,,,,,,,,,,,
1277,100000,,,,159600,,10640,,,,,,,,,,,,,,,,,
770,100000,,0,0,,,,,,32480,,,,,,,,,,,,,,
904,100000,,0,0,,,,,,,,,,,,,,,,,,,,
873,100000,,0,,0,,0,,,,,,,,,,,,,,,,,
906,100000,,0,,,,,,,,,,,,,,,,,,,,,
1155,100000,,,,169800,,11320,,,,,,,,,,,,,,,,,
1104,0,,,0,,,11320,,,,,,,,,,,,,,,,,
1109,100000,,,,,,11320,,,,,,,,,,,,,,,,,
1163,100000,,,0,,,0,,,,,,,,,,,,,,,,,
1214,0,,,153888.88888888888,,,,,,,,,,,,,,,,,,,,
1205,0,,,162037.03703703705,,,10640,,,,,,,,,,,,,,,,,
694,100000,,0,,0,,,,,,,,,,,,,,,,,0,,
927,100000,,0,,,10000,20410,,,,,,10000,,,,,,,,,,,
693,100000,,0,,,,,,,,,,,,,,,50000,,,,,,
833,0,,0,,,,19480,,,,,,15000,,,,,,15000,,,,,
692,100000,,,,,,19170,10000,,,,,,,,,,,,,,,,
834,100000,,,,,,,,,,,,20000,,,,,,,,,,,
840,0,,0,142188,,,,,,,,,,,,,,,,,,,,
818,100000,,0,0,,,15780,,,,,,,,,,,,,,,,,
898,100000,,0,0,,,15090,,,,,,,,,,,,,,,,,
1019,100000,,0,,0,,13170,,,,,,,,,,,,,,,,,
1039,100000,,0,0,,,12370,,,,,,,,,,,,,,,,,
1029,100000,,0,,0,,12570,,,,,,,,,,,,,,,,,
1089,100000,,0,0,,,,,,,,,,,,,,,,,,,,
1131,100000,,0,,,,11320,,,,,,,,,,,,,,,,,
1085,100000,,0,,,,12770,,,,,,,,,,,,,,,,,
1148,100000,,0,0,,,11320,,,,,,,,,,,,,,,,,
1088,100000,,0,0,,,11320,,,,,,10000,,,,,,,,,,,
1227,100000,,,145365.38461538462,,,10640,10000,,,,,,,,,,,,,,,,
1237,100000,,,,,,10640,,,,,,,,,,,,,,,,,
1243,100000,,,,,,,,,,,,,,,,,,,,,,,
1035,100000,,0,,,,9420,,,,,,,,,,,,,,,,,
872,100000,0,,0,,,,,,31560,,,,,,,,,,,,,,
855,236500,,0,,,,8190,,,,,,,,,,,,,,,,,
688,0,,0,,,,35940,,,,,,,,,,,,,,,,,
965,0,,,,,,,,,,,,,,,,,,,,,,,
1204,0,,,159934.4827586207,,,,,,,,,,,,,,,,,,,,
820,0,,0,0,0,,,,,,,,,,,,,,15000,,,,,
807,0,,,,,,0,,,,,,,,100000,,,,,,,,,
963,100000,,0,,0,,15320,,,,,,,,,,,,,,,,,
1026,0,,,,,,,,,,,,,,,,,,,,,,,
1087,100000,,,,,,11320,10000,,,,,,,,,,,,,,,,
1095,0,,,,,,11320,,,,,,,,,,,,,,,,,
1150,0,,,,0,,11320,,,,,,,,,,,,,,,,,
1147,100000,,,,,,11150,,,,,,,,,,,,,,,,,
1101,0,,,,,,11150,,,,,,,,,,,,,,,,,
1292,100000,,,105216,,,10640,,,,,,,,,,,,,,,,,
1206,0,,,155555.55555555556,,,,,,,,,,,,,,,,,,,,
1263,0,,,,159600,,10640,,,,,,,,,,,,,,,,,
1199,266000,,,,,,,,,,,,,,,,,,,,,,,
749,100000,,,,0,,,,,,,,,,,,,,,,,,,
1003,316166.67000000004,,0,,,,,,,,,,,,,,,,,,,,,
1201,100000,,,128472.22222222222,,,10640,,,,,,,,,,,,,,,,,
883,0,,0,,,,,,,,,,,,,,,,,,,,,
962,100000,,0,,0,,15780,,,,,,,,,,,,,,,,,
1200,0,,,,159600,,10640,,,,,,,,,,,,,,,,,
1202,0,,,,159600,,10640,,,,,,,,,,,,,,,,,
1276,100000,,,150000,,,10640,,,,,,,,,,,,,,,,,
1287,100000,,,,,,10640,,,,,,,,,,,,,,,,,
781,100000,,0,,,,0,,,,,,,,,,,,,,,,,
763,100000,,,,,,,,,,,,,,,,,,,,,,,
584,0,,0,,,,35940,,15000,,,,,,,,,,,,,,,
1251,100000,,,,,,,,,,,,,,,,,,,,,,,
1272,100000,,,,,,,,,,,,,,,,,,,,,,,
1027,100000,,0,0,,,,,,,50000,,,,,,,,,,,,,
999,100000,,0,,,,,,,,,,,,,,,,,,,,,
1236,100000,,,153888.88888888888,,,,,,,,,,,,,,,,,,,,
1210,100000,,,133333.33333333334,,,10640,,,,,,,,,,,,,,,,,
1001,100000,,,,,,,10000,,,,,,,,,,,,,,,,
1328,0,,,,,,,,,,,,,,,,,,,,,,,
1261,100000,,,,,,8060,,,,,,,,,,,,,,,,,
1267,100000,,,,,,8060,,,,,,,,,,,,,,,,,
1262,100000,,,,,,10640,,,,,,,,,,,,,,,,,
881,100000,,0,,0,,20100,,,,,,,,,,,,,,,,,
1283,100000,,,,,,10640,,,,,,,,,,,,,,,,,
1305,0,,,,159600,,10640,,,,,,,,,,,,,,,,,
863,0,,0,,0,,,,,,,,,,,,,,,,,,,
1270,100000,,,,,,,,,,,,,,,,,,,,,,,
712,455666.66666666669,,0,,,,21340,,,,,,,,,,,,,,,,,
717,0,,,0,,,,10000,,,,,20000,,,,,,,,,,,
896,100000,,,,,,,,,,,,,,,,,,,,,,,
975,100000,,0,0,,,13770,,,,,,10000,,,,,,,,,,,
668,0,,0,,,10000,15780,,,,,,,,,,,,,0,,,25000,
1108,100000,,,110000,,,,,,,,,,,,,,,,,,,,
1208,100000,,,153888.88888888888,159600,,,,,,,,,,,,,,,,,,,
1209,100000,,,146346.15384615384,,,10640,,,,,,,,,,,,,,,,,
1278,100000,,,,159600,,10640,,,,,,,,,,,,,,,,,
1280,100000,,,,,,10640,,,,,,,,,,,,,,,,,
1218,100000,,,153042.59259259258,,,10640,,,,,,,,,,,,,,,,,
1195,158333.33333333334,,,,,,,,,,,,,,,,,,,,,,,
651,0,,,,0,,35940,,,,,,,,,,,,,,,,,
901,100000,,,,,,15780,,,,,,,,,,,,,,,,,
1007,100000,,0,0,,,,,,,,,,,,,,,,,,,,
1246,0,,,,,,,,,,,,,,,,,,,,,,,
1080,277333.33333333337,,,0,,,11320,,,,,,,,,,,,,,,,,
1301,0,,,,,,10640,,,,,,,,,,,,,,,,,
1113,100000,,,,,,6570
